word,probability
trace,0.0001016105268505
cindy,0.0018289894833104
lists,6.774035123372113e-05
sandy,0.0018289894833104
apple,5.080526342529085e-05
candy,0.0018289894833104
derek,1.6935087808430282e-05
items,3.3870175616860565e-05
