rank,word,probability
1,cindy,0.0018289894833104
2,sandy,0.0018289894833104
3,candy,0.0018289894833104
4,trace,0.0001016105268505
5,lists,6.774035123372113e-05
6,apple,5.080526342529085e-05
7,items,3.3870175616860565e-05
8,derek,1.6935087808430282e-05
